segment,sub_segment,counterparty,nominal_exposure,pd,lgd,status,entity_id,period
Sovereign,Large Cap,CP_0007,3721000,0.0375,0.26,performing,E140,Q1-2024
Sovereign,SME,CP_0009,197000,0.0336,0.4,performing,E51,Q2-2024
Corporate,SME,CP_0151,1427000,0.1305,0.5,performing,E109,Q2-2024
Retail,Large Cap,CP_0056,4788000,0.0512,0.24,performing,E89,Q2-2024
Corporate,Micro,CP_0118,2704000,0.146,0.35,performing,E93,Q1-2024
Sovereign,Large Cap,CP_0012,3323000,0.1162,0.59,watch,E26,Q2-2024
Retail,SME,CP_0163,4179000,0.0252,0.34,performing,E19,Q1-2024
Sovereign,Micro,CP_0063,859000,0.0575,0.6,performing,E143,Q1-2024
Sovereign,SME,CP_0197,3891000,0.0351,0.21,performing,E69,Q1-2024
Corporate,Micro,CP_0184,1608000,0.0987,0.36,non_performing,E118,Q1-2024
Retail,Large Cap,CP_0064,3738000,0.0813,0.5,performing,E150,Q2-2024
Retail,Large Cap,CP_0036,2572000,0.0145,0.22,performing,E41,Q2-2024
Sovereign,Large Cap,CP_0099,1939000,0.1494,0.41,non_performing,E3,Q1-2024
Sovereign,Micro,CP_0193,1371000,0.0965,0.24,performing,E117,Q1-2024
Sovereign,Micro,CP_0068,4861000,0.1145,0.4,performing,E77,Q1-2024
Corporate,SME,CP_0196,850000,0.1431,0.57,non_performing,E83,Q2-2024
Corporate,Large Cap,CP_0093,4400000,0.1249,0.32,performing,E146,Q1-2024
Corporate,Micro,CP_0125,4089000,0.1467,0.41,performing,E122,Q1-2024
Retail,Micro,CP_0156,2145000,0.0326,0.42,performing,E52,Q2-2024
Retail,Micro,CP_0167,1898000,0.135,0.38,performing,E17,Q2-2024
Corporate,Micro,CP_0142,1189000,0.0338,0.23,performing,E59,Q1-2024
Corporate,SME,CP_0019,2595000,0.0425,0.39,performing,E147,Q2-2024
Corporate,SME,CP_0105,993000,0.0154,0.37,performing,E120,Q1-2024
Sovereign,Micro,CP_0166,537000,0.061,0.34,watch,E64,Q1-2024
Corporate,Micro,CP_0115,744000,0.0283,0.39,watch,E20,Q2-2024
Sovereign,Large Cap,CP_0013,3278000,0.0815,0.21,performing,E61,Q1-2024
Retail,SME,CP_0124,1108000,0.0608,0.22,performing,E100,Q2-2024
Retail,SME,CP_0109,3498000,0.1098,0.51,performing,E125,Q1-2024
Corporate,SME,CP_0056,4845000,0.0873,0.42,performing,E15,Q1-2024
Sovereign,SME,CP_0129,4601000,0.0801,0.22,performing,E48,Q1-2024
Sovereign,Large Cap,CP_0173,4316000,0.0612,0.58,performing,E149,Q1-2024
Sovereign,Large Cap,CP_0108,3304000,0.0852,0.33,performing,E81,Q1-2024
Retail,SME,CP_0034,3375000,0.0457,0.33,watch,E19,Q1-2024
Retail,Micro,CP_0145,4981000,0.0119,0.29,performing,E90,Q1-2024
Corporate,SME,CP_0073,831000,0.1252,0.48,performing,E136,Q1-2024
Sovereign,Micro,CP_0077,4662000,0.0164,0.55,performing,E28,Q1-2024
Retail,SME,CP_0155,1093000,0.0521,0.47,watch,E130,Q2-2024
Retail,Large Cap,CP_0024,3190000,0.1246,0.22,performing,E34,Q2-2024
Corporate,Micro,CP_0114,2781000,0.0647,0.2,performing,E39,Q1-2024
Retail,Micro,CP_0142,783000,0.02,0.32,watch,E11,Q2-2024
Corporate,Micro,CP_0064,3351000,0.0537,0.42,watch,E40,Q1-2024
Corporate,Large Cap,CP_0106,173000,0.1107,0.33,non_performing,E64,Q2-2024
Corporate,Micro,CP_0028,1944000,0.0068,0.39,performing,E118,Q2-2024
Retail,Large Cap,CP_0058,167000,0.0298,0.33,watch,E72,Q2-2024
Sovereign,Micro,CP_0103,3414000,0.1267,0.33,performing,E67,Q1-2024
Sovereign,SME,CP_0010,587000,0.0658,0.49,performing,E131,Q1-2024
Retail,Micro,CP_0049,1311000,0.1066,0.2,non_performing,E138,Q1-2024
Retail,SME,CP_0018,4747000,0.1382,0.45,performing,E32,Q2-2024
Sovereign,SME,CP_0171,2072000,0.061,0.32,performing,E108,Q2-2024
Sovereign,Micro,CP_0045,3097000,0.0458,0.42,performing,E74,Q1-2024
Retail,Micro,CP_0156,3291000,0.0703,0.38,performing,E122,Q1-2024
Sovereign,Large Cap,CP_0073,2601000,0.0953,0.33,watch,E61,Q2-2024
Corporate,Large Cap,CP_0038,171000,0.0375,0.39,watch,E19,Q2-2024
Retail,Micro,CP_0148,1012000,0.1048,0.4,performing,E2,Q1-2024
Retail,Large Cap,CP_0046,4030000,0.1047,0.39,performing,E32,Q2-2024
Corporate,SME,CP_0171,2679000,0.0843,0.33,watch,E114,Q2-2024
Sovereign,SME,CP_0041,3731000,0.0717,0.3,performing,E71,Q2-2024
Sovereign,Large Cap,CP_0071,2227000,0.1073,0.29,performing,E139,Q1-2024
Corporate,Large Cap,CP_0060,1946000,0.0238,0.29,performing,E85,Q2-2024
Retail,Large Cap,CP_0053,4173000,0.059,0.51,non_performing,E6,Q2-2024
Retail,Large Cap,CP_0091,1528000,0.0591,0.56,watch,E138,Q1-2024
Retail,Large Cap,CP_0070,2207000,0.0053,0.33,performing,E104,Q1-2024
Retail,Large Cap,CP_0160,2694000,0.1361,0.44,performing,E22,Q2-2024
Corporate,SME,CP_0047,299000,0.0575,0.28,performing,E98,Q2-2024
Retail,SME,CP_0021,2378000,0.1126,0.22,non_performing,E58,Q1-2024
Sovereign,Large Cap,CP_0194,204000,0.0378,0.54,performing,E62,Q1-2024
Retail,Micro,CP_0030,2842000,0.0335,0.48,watch,E43,Q1-2024
Corporate,SME,CP_0028,2914000,0.1394,0.43,non_performing,E97,Q2-2024
Sovereign,Large Cap,CP_0020,2981000,0.1248,0.3,performing,E78,Q1-2024
Sovereign,Large Cap,CP_0089,2687000,0.0996,0.23,performing,E4,Q2-2024
Retail,Large Cap,CP_0111,4806000,0.0957,0.53,performing,E112,Q1-2024
Sovereign,Micro,CP_0167,1387000,0.1214,0.42,performing,E112,Q2-2024
Retail,Large Cap,CP_0023,1431000,0.0682,0.5,performing,E98,Q2-2024
Corporate,SME,CP_0084,950000,0.0326,0.52,performing,E71,Q1-2024
Sovereign,Large Cap,CP_0022,1245000,0.0616,0.42,performing,E122,Q2-2024
Retail,Large Cap,CP_0024,1506000,0.0613,0.3,performing,E95,Q2-2024
Sovereign,Micro,CP_0089,2156000,0.1121,0.33,performing,E70,Q2-2024
Retail,Large Cap,CP_0031,3620000,0.048,0.5,non_performing,E48,Q1-2024
Corporate,Micro,CP_0124,1419000,0.0888,0.5,performing,E26,Q1-2024
Retail,Large Cap,CP_0093,938000,0.0031,0.41,performing,E14,Q2-2024
Sovereign,Large Cap,CP_0164,4349000,0.0741,0.55,performing,E121,Q2-2024
Retail,SME,CP_0048,4829000,0.0386,0.54,performing,E17,Q2-2024
Retail,Large Cap,CP_0148,3166000,0.009,0.26,performing,E78,Q1-2024
Corporate,Large Cap,CP_0143,3834000,0.0913,0.52,performing,E134,Q2-2024
Retail,SME,CP_0077,4308000,0.1485,0.32,performing,E26,Q1-2024
Sovereign,Large Cap,CP_0068,3319000,0.0244,0.27,performing,E1,Q2-2024
Retail,Micro,CP_0153,2376000,0.0059,0.32,performing,E117,Q1-2024
Sovereign,Large Cap,CP_0068,3950000,0.0941,0.46,non_performing,E109,Q1-2024
Sovereign,Large Cap,CP_0166,787000,0.0406,0.26,performing,E79,Q2-2024
Retail,Large Cap,CP_0120,3459000,0.1053,0.58,performing,E127,Q2-2024
Corporate,Micro,CP_0011,4453000,0.1104,0.44,performing,E59,Q1-2024
Sovereign,SME,CP_0148,249000,0.1137,0.39,performing,E72,Q1-2024
Sovereign,SME,CP_0163,4081000,0.1454,0.39,performing,E83,Q1-2024
Corporate,SME,CP_0106,3484000,0.0439,0.58,watch,E141,Q1-2024
Retail,Large Cap,CP_0081,1299000,0.0183,0.51,watch,E1,Q2-2024
Retail,Large Cap,CP_0049,2616000,0.0938,0.4,performing,E14,Q1-2024
Retail,Micro,CP_0034,4642000,0.0663,0.48,performing,E62,Q1-2024
Retail,Micro,CP_0004,2784000,0.0149,0.6,non_performing,E119,Q1-2024
Sovereign,Large Cap,CP_0128,4667000,0.0445,0.48,performing,E124,Q2-2024
Corporate,SME,CP_0142,766000,0.0294,0.44,performing,E35,Q1-2024
Retail,SME,CP_0088,4675000,0.0767,0.53,performing,E77,Q2-2024
Corporate,SME,CP_0138,2447000,0.0505,0.51,performing,E83,Q1-2024
Sovereign,Large Cap,CP_0147,1946000,0.1285,0.36,performing,E122,Q2-2024
Retail,Micro,CP_0167,4905000,0.0748,0.21,performing,E85,Q1-2024
Retail,Large Cap,CP_0135,4557000,0.0033,0.26,watch,E40,Q1-2024
Retail,SME,CP_0087,3135000,0.0602,0.23,performing,E137,Q2-2024
Retail,Micro,CP_0184,4443000,0.0737,0.42,performing,E61,Q2-2024
Corporate,Micro,CP_0024,2198000,0.0157,0.45,watch,E114,Q1-2024
Sovereign,SME,CP_0008,278000,0.1196,0.32,performing,E38,Q1-2024
Sovereign,SME,CP_0145,3425000,0.0278,0.27,performing,E98,Q1-2024
Retail,Micro,CP_0037,1199000,0.096,0.38,performing,E120,Q2-2024
Sovereign,Micro,CP_0041,416000,0.1418,0.6,performing,E109,Q2-2024
Retail,SME,CP_0051,4997000,0.1281,0.24,performing,E92,Q2-2024
Sovereign,SME,CP_0006,4891000,0.0991,0.31,performing,E13,Q2-2024
Retail,Large Cap,CP_0156,4020000,0.0336,0.28,performing,E36,Q1-2024
Sovereign,Micro,CP_0011,1579000,0.0667,0.43,performing,E24,Q2-2024
Retail,Micro,CP_0107,919000,0.0207,0.42,non_performing,E136,Q2-2024
Corporate,SME,CP_0124,4839000,0.045,0.55,watch,E120,Q1-2024
Corporate,Large Cap,CP_0174,3635000,0.147,0.59,watch,E94,Q1-2024
Retail,Large Cap,CP_0068,2706000,0.0688,0.47,performing,E150,Q2-2024
Sovereign,SME,CP_0028,3390000,0.0713,0.45,non_performing,E84,Q1-2024
Sovereign,Large Cap,CP_0163,4128000,0.1365,0.32,performing,E36,Q1-2024
Corporate,SME,CP_0127,625000,0.036,0.42,performing,E95,Q2-2024
Sovereign,Micro,CP_0187,815000,0.0628,0.24,performing,E105,Q2-2024
Corporate,Micro,CP_0095,1125000,0.0673,0.29,performing,E95,Q2-2024
Corporate,SME,CP_0071,990000,0.0192,0.54,performing,E55,Q1-2024
Corporate,SME,CP_0063,4945000,0.1183,0.28,watch,E142,Q1-2024
Sovereign,Large Cap,CP_0060,1676000,0.023,0.56,performing,E38,Q1-2024
Sovereign,SME,CP_0045,594000,0.1301,0.25,performing,E61,Q2-2024
Corporate,Large Cap,CP_0068,309000,0.1115,0.41,performing,E122,Q2-2024
Retail,Micro,CP_0152,590000,0.0761,0.58,performing,E134,Q2-2024
Retail,Micro,CP_0008,351000,0.0724,0.36,performing,E126,Q2-2024
Corporate,Large Cap,CP_0083,3061000,0.0108,0.31,performing,E141,Q2-2024
Retail,Micro,CP_0136,1510000,0.0763,0.37,watch,E30,Q1-2024
Retail,SME,CP_0059,2098000,0.1243,0.36,performing,E81,Q2-2024
Retail,Micro,CP_0066,1903000,0.0237,0.57,performing,E22,Q1-2024
Retail,Large Cap,CP_0191,3707000,0.122,0.42,performing,E144,Q2-2024
Sovereign,Large Cap,CP_0106,1800000,0.1001,0.5,watch,E14,Q2-2024
Sovereign,SME,CP_0091,563000,0.0766,0.26,performing,E28,Q2-2024
Sovereign,SME,CP_0030,3825000,0.0865,0.52,watch,E143,Q1-2024
Sovereign,Micro,CP_0178,1374000,0.0279,0.48,performing,E87,Q2-2024
Corporate,Large Cap,CP_0037,2853000,0.0607,0.26,performing,E8,Q1-2024
Sovereign,Micro,CP_0056,1912000,0.0686,0.26,performing,E84,Q1-2024
Corporate,Large Cap,CP_0041,3784000,0.0084,0.23,performing,E109,Q2-2024
Sovereign,SME,CP_0107,1402000,0.1135,0.25,performing,E73,Q2-2024
Sovereign,Micro,CP_0079,275000,0.0599,0.44,performing,E78,Q1-2024
Corporate,SME,CP_0075,1674000,0.0022,0.5,performing,E98,Q1-2024
Sovereign,Micro,CP_0172,4041000,0.0117,0.54,performing,E5,Q2-2024
Corporate,SME,CP_0148,2175000,0.0613,0.46,performing,E104,Q1-2024
Retail,Large Cap,CP_0159,2327000,0.1038,0.34,performing,E28,Q1-2024
Retail,Micro,CP_0103,2644000,0.06,0.32,performing,E86,Q1-2024
Corporate,Micro,CP_0163,614000,0.077,0.56,performing,E38,Q1-2024
Corporate,Large Cap,CP_0066,1026000,0.0908,0.5,performing,E46,Q2-2024
Retail,Micro,CP_0195,2918000,0.1025,0.55,performing,E83,Q2-2024
Corporate,SME,CP_0018,2371000,0.0951,0.52,performing,E91,Q1-2024
Retail,SME,CP_0116,236000,0.0559,0.31,performing,E24,Q2-2024
Retail,Micro,CP_0142,4773000,0.1111,0.22,non_performing,E147,Q1-2024
Retail,Micro,CP_0122,2532000,0.1437,0.38,watch,E88,Q1-2024
Sovereign,Micro,CP_0045,244000,0.1064,0.6,performing,E41,Q2-2024
Retail,SME,CP_0100,2073000,0.0514,0.44,watch,E86,Q1-2024
Retail,Large Cap,CP_0143,3408000,0.0433,0.49,performing,E39,Q2-2024
Corporate,Micro,CP_0170,750000,0.0531,0.59,performing,E101,Q1-2024
Sovereign,Micro,CP_0022,1582000,0.0571,0.52,watch,E135,Q1-2024
Sovereign,Micro,CP_0109,2567000,0.0037,0.32,non_performing,E88,Q2-2024
Corporate,Large Cap,CP_0036,817000,0.0451,0.52,performing,E139,Q1-2024
Sovereign,SME,CP_0197,3109000,0.09,0.26,performing,E43,Q2-2024
Corporate,SME,CP_0094,3398000,0.0364,0.38,performing,E115,Q1-2024
Sovereign,Large Cap,CP_0080,4830000,0.1179,0.56,performing,E147,Q2-2024
Retail,SME,CP_0200,1940000,0.0796,0.59,watch,E36,Q2-2024
Corporate,Micro,CP_0124,4377000,0.0836,0.24,watch,E32,Q2-2024
Corporate,Large Cap,CP_0070,2274000,0.0775,0.53,performing,E57,Q2-2024
Retail,Large Cap,CP_0107,314000,0.0758,0.29,non_performing,E96,Q1-2024
Corporate,SME,CP_0026,4204000,0.0978,0.52,performing,E74,Q2-2024
Sovereign,Large Cap,CP_0195,3542000,0.0678,0.2,performing,E66,Q1-2024
Corporate,Micro,CP_0187,3064000,0.0641,0.51,performing,E32,Q1-2024
Corporate,SME,CP_0164,3980000,0.0691,0.24,non_performing,E138,Q1-2024
Sovereign,Micro,CP_0148,1248000,0.0224,0.37,performing,E62,Q2-2024
Corporate,Micro,CP_0172,474000,0.1462,0.23,performing,E130,Q1-2024
Retail,SME,CP_0012,3197000,0.1472,0.3,performing,E18,Q2-2024
Corporate,Micro,CP_0169,3160000,0.116,0.49,performing,E12,Q2-2024
Sovereign,SME,CP_0165,917000,0.1171,0.39,performing,E47,Q1-2024
Corporate,Micro,CP_0199,4721000,0.0065,0.28,watch,E11,Q2-2024
Retail,Micro,CP_0102,4946000,0.0819,0.3,watch,E49,Q2-2024
Retail,Large Cap,CP_0168,1693000,0.0195,0.35,watch,E113,Q2-2024
Retail,Large Cap,CP_0128,3476000,0.0557,0.52,performing,E22,Q2-2024
Corporate,SME,CP_0155,4976000,0.0279,0.32,performing,E84,Q2-2024
Retail,SME,CP_0155,3602000,0.0258,0.38,performing,E91,Q2-2024
Retail,Micro,CP_0015,421000,0.096,0.35,watch,E41,Q1-2024
Corporate,Micro,CP_0174,3917000,0.0062,0.23,watch,E94,Q2-2024
Retail,Micro,CP_0009,3045000,0.1022,0.58,performing,E20,Q1-2024
Sovereign,SME,CP_0102,1606000,0.0425,0.58,performing,E48,Q2-2024
Sovereign,SME,CP_0144,633000,0.1165,0.48,performing,E74,Q2-2024
Corporate,Large Cap,CP_0035,4271000,0.0684,0.56,performing,E23,Q2-2024
Sovereign,SME,CP_0182,371000,0.0818,0.56,watch,E45,Q2-2024
Sovereign,Large Cap,CP_0032,4926000,0.119,0.29,performing,E93,Q2-2024
Retail,Micro,CP_0034,3079000,0.0138,0.32,non_performing,E123,Q2-2024
Retail,Micro,CP_0019,670000,0.0482,0.23,performing,E133,Q2-2024
Corporate,Micro,CP_0164,2960000,0.1154,0.25,performing,E15,Q1-2024
Sovereign,Large Cap,CP_0078,865000,0.0491,0.48,performing,E133,Q2-2024
Corporate,SME,CP_0051,3194000,0.0831,0.25,performing,E137,Q1-2024
Sovereign,Micro,CP_0044,2979000,0.0875,0.27,performing,E87,Q1-2024
Corporate,Large Cap,CP_0012,4745000,0.1159,0.31,performing,E147,Q2-2024
Sovereign,Micro,CP_0008,2515000,0.0944,0.32,non_performing,E124,Q1-2024
Sovereign,SME,CP_0077,2295000,0.1036,0.26,performing,E119,Q1-2024
Retail,Micro,CP_0037,1597000,0.108,0.49,watch,E103,Q1-2024
Retail,Micro,CP_0144,576000,0.037,0.25,performing,E37,Q1-2024
Corporate,SME,CP_0099,4328000,0.0633,0.59,non_performing,E84,Q2-2024
Corporate,Large Cap,CP_0128,4980000,0.0706,0.55,performing,E24,Q2-2024
Sovereign,SME,CP_0062,1115000,0.0536,0.22,performing,E121,Q2-2024
Sovereign,Large Cap,CP_0028,2183000,0.1325,0.49,watch,E94,Q1-2024
Retail,Large Cap,CP_0146,2831000,0.055,0.32,performing,E116,Q2-2024
Sovereign,Micro,CP_0157,638000,0.1463,0.36,watch,E87,Q2-2024
Corporate,Large Cap,CP_0155,2570000,0.0755,0.22,performing,E86,Q2-2024
Sovereign,SME,CP_0039,3051000,0.0778,0.33,performing,E42,Q2-2024
Sovereign,Micro,CP_0077,2989000,0.0766,0.4,performing,E145,Q2-2024
Retail,Large Cap,CP_0095,1690000,0.0173,0.37,performing,E7,Q2-2024
Retail,Micro,CP_0199,2913000,0.0349,0.22,performing,E135,Q2-2024
Corporate,Micro,CP_0063,206000,0.1423,0.24,performing,E81,Q2-2024
Corporate,SME,CP_0177,1059000,0.0758,0.44,performing,E16,Q1-2024
Sovereign,Large Cap,CP_0144,1659000,0.0997,0.41,performing,E45,Q2-2024
Sovereign,SME,CP_0140,1804000,0.116,0.49,performing,E68,Q2-2024
Corporate,Large Cap,CP_0072,2813000,0.0345,0.59,performing,E74,Q1-2024
Sovereign,Micro,CP_0126,1619000,0.053,0.57,watch,E71,Q2-2024
Corporate,Micro,CP_0174,2739000,0.1345,0.36,performing,E38,Q2-2024
Corporate,SME,CP_0183,441000,0.1387,0.46,performing,E55,Q1-2024
Sovereign,SME,CP_0144,3496000,0.0215,0.45,performing,E63,Q1-2024
Sovereign,Micro,CP_0058,3208000,0.0088,0.37,performing,E26,Q1-2024
Corporate,Micro,CP_0041,2064000,0.1403,0.55,performing,E52,Q2-2024
Retail,SME,CP_0166,343000,0.1155,0.46,performing,E10,Q1-2024
Retail,Large Cap,CP_0010,4986000,0.0602,0.4,non_performing,E75,Q1-2024
Corporate,SME,CP_0146,3034000,0.1393,0.33,performing,E140,Q2-2024
Corporate,Micro,CP_0120,1401000,0.1215,0.33,performing,E66,Q1-2024
Corporate,Micro,CP_0087,3964000,0.0856,0.5,performing,E104,Q2-2024
Sovereign,SME,CP_0023,2034000,0.0152,0.59,performing,E64,Q1-2024
Retail,SME,CP_0061,2261000,0.0408,0.33,performing,E147,Q1-2024
Retail,Micro,CP_0093,3479000,0.0103,0.25,performing,E104,Q2-2024
Sovereign,Large Cap,CP_0164,4585000,0.045,0.45,performing,E35,Q2-2024
Corporate,SME,CP_0192,4945000,0.0567,0.48,non_performing,E138,Q1-2024
Corporate,Micro,CP_0194,2999000,0.1183,0.41,performing,E93,Q1-2024
Sovereign,Large Cap,CP_0016,4152000,0.1355,0.28,performing,E43,Q2-2024
Sovereign,SME,CP_0030,3417000,0.1078,0.4,watch,E115,Q1-2024
Retail,Large Cap,CP_0132,2106000,0.085,0.42,performing,E79,Q1-2024
Retail,SME,CP_0001,3742000,0.0872,0.22,performing,E17,Q1-2024
Corporate,SME,CP_0009,1471000,0.0278,0.25,performing,E108,Q2-2024
Retail,SME,CP_0097,1909000,0.1027,0.46,performing,E90,Q1-2024
Corporate,Micro,CP_0101,2668000,0.1095,0.29,performing,E6,Q2-2024
Retail,Micro,CP_0185,2745000,0.0803,0.53,performing,E89,Q1-2024
Retail,Large Cap,CP_0186,3839000,0.0058,0.46,performing,E5,Q1-2024
Corporate,Large Cap,CP_0026,2990000,0.0675,0.47,watch,E63,Q1-2024
Retail,SME,CP_0060,2722000,0.1134,0.51,performing,E75,Q1-2024
Sovereign,Micro,CP_0082,2909000,0.1161,0.53,performing,E37,Q1-2024
Retail,SME,CP_0071,352000,0.1423,0.55,non_performing,E110,Q2-2024
Corporate,SME,CP_0165,3373000,0.1181,0.33,performing,E39,Q2-2024
Retail,Large Cap,CP_0194,2713000,0.0369,0.29,watch,E37,Q2-2024
Corporate,Micro,CP_0106,4841000,0.084,0.25,performing,E53,Q2-2024
Sovereign,Large Cap,CP_0116,4243000,0.0148,0.49,performing,E69,Q2-2024
Sovereign,Micro,CP_0155,246000,0.0118,0.52,performing,E144,Q1-2024
Retail,Large Cap,CP_0086,1551000,0.1364,0.28,performing,E31,Q2-2024
Corporate,Micro,CP_0155,3534000,0.0601,0.3,performing,E73,Q2-2024
Retail,Micro,CP_0167,1828000,0.04,0.41,performing,E26,Q2-2024
Retail,Large Cap,CP_0095,1599000,0.0078,0.55,performing,E5,Q2-2024
Sovereign,Micro,CP_0149,3614000,0.045,0.28,performing,E146,Q1-2024
Retail,Micro,CP_0168,4720000,0.0513,0.51,performing,E126,Q2-2024
Corporate,Micro,CP_0091,888000,0.1083,0.4,non_performing,E139,Q1-2024
Sovereign,Large Cap,CP_0020,4729000,0.1006,0.51,performing,E60,Q1-2024
Sovereign,Large Cap,CP_0003,1133000,0.0689,0.22,performing,E124,Q2-2024
Corporate,Large Cap,CP_0137,2781000,0.0028,0.41,performing,E74,Q1-2024
Sovereign,Micro,CP_0173,2181000,0.141,0.27,non_performing,E135,Q1-2024
Corporate,Large Cap,CP_0159,2656000,0.1225,0.31,performing,E96,Q2-2024
Retail,Micro,CP_0063,4952000,0.0347,0.47,watch,E9,Q1-2024
Retail,SME,CP_0097,2786000,0.0094,0.2,performing,E128,Q2-2024
Sovereign,SME,CP_0145,4888000,0.1461,0.56,non_performing,E59,Q1-2024
Sovereign,Micro,CP_0122,1392000,0.1387,0.47,performing,E140,Q1-2024
Corporate,SME,CP_0005,4809000,0.0885,0.5,performing,E102,Q1-2024
Retail,Large Cap,CP_0145,1240000,0.1254,0.36,watch,E85,Q2-2024
Sovereign,Large Cap,CP_0177,3635000,0.0756,0.59,performing,E112,Q1-2024
Corporate,SME,CP_0155,3857000,0.1433,0.36,watch,E8,Q2-2024
Retail,SME,CP_0059,1811000,0.1412,0.37,performing,E98,Q1-2024
Sovereign,SME,CP_0064,3580000,0.0132,0.26,performing,E40,Q2-2024
Retail,SME,CP_0028,503000,0.1415,0.38,watch,E27,Q1-2024
Corporate,Large Cap,CP_0111,2272000,0.0837,0.36,performing,E91,Q1-2024
Sovereign,Micro,CP_0084,4325000,0.0028,0.37,watch,E144,Q1-2024
Sovereign,Micro,CP_0044,3442000,0.0263,0.31,performing,E38,Q1-2024
Corporate,SME,CP_0071,2134000,0.0732,0.23,performing,E64,Q2-2024
Sovereign,Micro,CP_0051,2316000,0.0212,0.2,performing,E98,Q2-2024
Retail,SME,CP_0111,4087000,0.1291,0.59,performing,E83,Q1-2024
Retail,SME,CP_0046,4825000,0.1453,0.32,performing,E126,Q1-2024
Retail,SME,CP_0072,4092000,0.0595,0.25,performing,E140,Q1-2024
Sovereign,Micro,CP_0007,4767000,0.0698,0.48,performing,E75,Q1-2024
Retail,Micro,CP_0128,739000,0.0461,0.3,performing,E109,Q2-2024
Corporate,SME,CP_0154,2422000,0.0607,0.4,non_performing,E108,Q1-2024
Retail,Micro,CP_0138,2989000,0.1372,0.24,performing,E91,Q1-2024
Sovereign,Micro,CP_0012,2838000,0.0971,0.46,non_performing,E85,Q2-2024
Corporate,Large Cap,CP_0026,1331000,0.0771,0.41,performing,E148,Q1-2024
Retail,SME,CP_0101,2342000,0.1023,0.48,performing,E7,Q2-2024
Corporate,SME,CP_0107,4607000,0.0138,0.53,performing,E90,Q2-2024
Retail,SME,CP_0053,2630000,0.0529,0.24,performing,E116,Q2-2024
Corporate,SME,CP_0012,4060000,0.0181,0.54,performing,E43,Q1-2024
Sovereign,Large Cap,CP_0142,843000,0.0844,0.58,performing,E104,Q1-2024
Corporate,Micro,CP_0169,2189000,0.0053,0.45,performing,E110,Q2-2024
Corporate,Micro,CP_0055,1069000,0.1131,0.52,performing,E27,Q1-2024
Retail,SME,CP_0051,2315000,0.0401,0.55,performing,E81,Q2-2024
Sovereign,SME,CP_0151,615000,0.0534,0.38,performing,E77,Q1-2024
Sovereign,Large Cap,CP_0081,633000,0.0465,0.27,performing,E131,Q2-2024
Retail,Micro,CP_0036,2895000,0.064,0.39,performing,E45,Q1-2024
Retail,SME,CP_0036,976000,0.1265,0.45,watch,E3,Q2-2024
Corporate,Large Cap,CP_0099,4821000,0.0763,0.4,performing,E107,Q2-2024
Retail,Large Cap,CP_0022,2849000,0.1196,0.29,performing,E58,Q2-2024
Corporate,SME,CP_0145,3725000,0.1151,0.42,performing,E30,Q2-2024
Sovereign,SME,CP_0139,4122000,0.0072,0.49,performing,E109,Q1-2024
Sovereign,Micro,CP_0193,1275000,0.1313,0.21,performing,E23,Q2-2024
Corporate,Large Cap,CP_0054,4063000,0.0886,0.34,performing,E110,Q1-2024
Sovereign,Large Cap,CP_0053,4077000,0.121,0.43,performing,E138,Q1-2024
Retail,Micro,CP_0075,1482000,0.0408,0.54,non_performing,E25,Q1-2024
Retail,Large Cap,CP_0071,4342000,0.0199,0.55,performing,E83,Q1-2024
Sovereign,SME,CP_0126,754000,0.0952,0.45,performing,E20,Q1-2024
Retail,Micro,CP_0192,1427000,0.1405,0.35,non_performing,E84,Q1-2024
Sovereign,Large Cap,CP_0188,4862000,0.0956,0.48,watch,E137,Q2-2024
Corporate,SME,CP_0055,2499000,0.0491,0.31,performing,E34,Q2-2024
Retail,Micro,CP_0196,290000,0.0158,0.51,performing,E32,Q1-2024
Retail,SME,CP_0001,4960000,0.0647,0.6,non_performing,E78,Q1-2024
Retail,Large Cap,CP_0168,1834000,0.0133,0.47,performing,E14,Q2-2024
Sovereign,SME,CP_0186,3512000,0.0359,0.46,performing,E1,Q1-2024
Retail,Large Cap,CP_0034,2989000,0.0784,0.38,performing,E88,Q1-2024
Retail,Micro,CP_0034,2415000,0.0351,0.24,watch,E27,Q2-2024
Retail,SME,CP_0036,1944000,0.1222,0.55,performing,E37,Q1-2024
Sovereign,Micro,CP_0003,3071000,0.0255,0.34,performing,E39,Q2-2024
Sovereign,Micro,CP_0114,4307000,0.0139,0.24,watch,E99,Q2-2024
Retail,SME,CP_0036,1277000,0.097,0.3,performing,E73,Q1-2024
Sovereign,SME,CP_0053,2613000,0.0769,0.5,performing,E14,Q1-2024
Retail,SME,CP_0029,1243000,0.0961,0.23,watch,E4,Q2-2024
Retail,Large Cap,CP_0100,4311000,0.0857,0.35,performing,E121,Q1-2024
Corporate,Micro,CP_0018,118000,0.0331,0.57,non_performing,E102,Q2-2024
Sovereign,Micro,CP_0129,3847000,0.0641,0.36,performing,E138,Q1-2024
Retail,Large Cap,CP_0080,441000,0.1382,0.59,performing,E84,Q2-2024
Sovereign,Micro,CP_0196,4181000,0.1025,0.23,performing,E62,Q1-2024
Corporate,Large Cap,CP_0112,624000,0.0922,0.22,performing,E45,Q1-2024
Corporate,Micro,CP_0036,3522000,0.0254,0.58,performing,E67,Q1-2024
Retail,Large Cap,CP_0192,3917000,0.041,0.55,watch,E8,Q2-2024
Retail,SME,CP_0135,366000,0.1071,0.43,performing,E117,Q2-2024
Corporate,SME,CP_0146,876000,0.0244,0.51,watch,E30,Q1-2024
Sovereign,Micro,CP_0001,268000,0.1296,0.3,performing,E99,Q1-2024
Corporate,Large Cap,CP_0142,4025000,0.1074,0.46,performing,E64,Q2-2024
Sovereign,SME,CP_0070,4139000,0.0862,0.25,performing,E14,Q1-2024
Corporate,Micro,CP_0012,4773000,0.0113,0.39,performing,E80,Q2-2024
Corporate,Micro,CP_0117,89000,0.0309,0.43,performing,E63,Q2-2024
Retail,Micro,CP_0127,4989000,0.1166,0.49,performing,E63,Q1-2024
Corporate,SME,CP_0007,1203000,0.0526,0.54,watch,E86,Q1-2024
Sovereign,SME,CP_0189,3650000,0.0165,0.41,performing,E126,Q1-2024
Corporate,Micro,CP_0072,510000,0.1383,0.56,performing,E96,Q2-2024
Sovereign,Large Cap,CP_0149,523000,0.0209,0.53,performing,E146,Q1-2024
Retail,Micro,CP_0034,1222000,0.0399,0.33,watch,E84,Q2-2024
Retail,SME,CP_0060,420000,0.0312,0.51,performing,E40,Q1-2024
Corporate,SME,CP_0120,1604000,0.019,0.34,watch,E116,Q2-2024
Retail,SME,CP_0031,498000,0.1213,0.32,performing,E11,Q1-2024
Retail,Large Cap,CP_0024,3570000,0.1453,0.36,performing,E77,Q2-2024
Corporate,Large Cap,CP_0104,4280000,0.0838,0.42,performing,E27,Q1-2024
Corporate,Large Cap,CP_0016,4160000,0.1474,0.25,watch,E96,Q1-2024
Sovereign,Micro,CP_0067,4591000,0.0122,0.6,performing,E114,Q1-2024
Corporate,SME,CP_0032,261000,0.0697,0.27,performing,E102,Q2-2024
Corporate,SME,CP_0175,2162000,0.0537,0.56,performing,E115,Q1-2024
Corporate,Micro,CP_0159,3104000,0.0974,0.4,watch,E123,Q1-2024
Corporate,SME,CP_0099,729000,0.0307,0.55,performing,E140,Q1-2024
Retail,Micro,CP_0092,2424000,0.1174,0.34,performing,E83,Q2-2024
Retail,Large Cap,CP_0007,1628000,0.0336,0.56,watch,E15,Q2-2024
Sovereign,SME,CP_0197,2941000,0.0357,0.26,performing,E62,Q2-2024
Sovereign,Micro,CP_0015,3832000,0.1422,0.43,non_performing,E100,Q2-2024
Corporate,Large Cap,CP_0061,2983000,0.1211,0.48,non_performing,E8,Q2-2024
Sovereign,Micro,CP_0037,2837000,0.029,0.6,watch,E127,Q2-2024
Corporate,SME,CP_0010,497000,0.0357,0.29,performing,E1,Q2-2024
Sovereign,Large Cap,CP_0034,1737000,0.0274,0.52,watch,E16,Q1-2024
Corporate,Micro,CP_0181,4590000,0.1164,0.54,watch,E19,Q2-2024
Sovereign,Micro,CP_0102,2951000,0.0511,0.33,non_performing,E112,Q2-2024
Sovereign,SME,CP_0045,3551000,0.0847,0.56,performing,E92,Q1-2024
Sovereign,Micro,CP_0045,1923000,0.1104,0.32,performing,E1,Q2-2024
Sovereign,Large Cap,CP_0047,3032000,0.1382,0.59,performing,E145,Q1-2024
Retail,Large Cap,CP_0085,3739000,0.0365,0.59,performing,E23,Q2-2024
Retail,Large Cap,CP_0068,1088000,0.1043,0.34,watch,E1,Q1-2024
Retail,SME,CP_0188,2127000,0.0258,0.37,watch,E90,Q2-2024
Corporate,SME,CP_0148,3272000,0.1034,0.27,performing,E9,Q2-2024
Corporate,SME,CP_0067,4761000,0.0121,0.27,performing,E20,Q1-2024
Retail,Micro,CP_0158,4471000,0.106,0.37,performing,E112,Q1-2024
Corporate,Large Cap,CP_0085,1067000,0.0293,0.48,performing,E139,Q2-2024
Sovereign,SME,CP_0077,1226000,0.0084,0.43,watch,E40,Q1-2024
Retail,Large Cap,CP_0110,484000,0.1238,0.45,performing,E25,Q1-2024
Corporate,Large Cap,CP_0164,1494000,0.0132,0.54,performing,E102,Q2-2024
Retail,Micro,CP_0068,501000,0.0821,0.27,watch,E95,Q1-2024
Retail,Large Cap,CP_0068,2227000,0.0402,0.53,performing,E39,Q1-2024
Corporate,Micro,CP_0089,4050000,0.0627,0.5,performing,E16,Q2-2024
Sovereign,SME,CP_0138,3451000,0.1405,0.43,performing,E77,Q1-2024
Retail,Micro,CP_0009,2535000,0.1352,0.52,performing,E38,Q1-2024
Retail,Large Cap,CP_0043,4862000,0.1215,0.25,performing,E112,Q1-2024
Sovereign,Large Cap,CP_0153,1327000,0.1367,0.57,performing,E100,Q2-2024
Sovereign,SME,CP_0071,2622000,0.1377,0.2,performing,E134,Q2-2024
Corporate,SME,CP_0039,784000,0.0886,0.5,non_performing,E28,Q1-2024
Retail,Micro,CP_0089,4396000,0.0404,0.46,performing,E122,Q1-2024
Corporate,SME,CP_0104,762000,0.0917,0.48,performing,E85,Q1-2024
Corporate,Micro,CP_0122,4608000,0.1347,0.21,watch,E78,Q2-2024
Retail,SME,CP_0179,3440000,0.1459,0.29,performing,E114,Q2-2024
Retail,Micro,CP_0107,3045000,0.0143,0.38,non_performing,E105,Q2-2024
Sovereign,SME,CP_0015,2601000,0.0247,0.32,performing,E35,Q1-2024
Corporate,Large Cap,CP_0052,4193000,0.0382,0.38,non_performing,E51,Q2-2024
Retail,SME,CP_0130,2015000,0.1385,0.47,performing,E126,Q2-2024
Corporate,SME,CP_0151,2779000,0.0523,0.54,performing,E24,Q2-2024
Corporate,SME,CP_0013,856000,0.0863,0.59,watch,E58,Q1-2024
Retail,Micro,CP_0105,2591000,0.1298,0.59,performing,E122,Q1-2024
Sovereign,Large Cap,CP_0154,4014000,0.0343,0.44,non_performing,E71,Q2-2024
Retail,SME,CP_0118,1297000,0.0705,0.47,watch,E102,Q1-2024
Corporate,Micro,CP_0170,4834000,0.1261,0.42,performing,E73,Q2-2024
Sovereign,Large Cap,CP_0124,366000,0.1483,0.46,watch,E67,Q2-2024
Corporate,Large Cap,CP_0133,3839000,0.1351,0.52,watch,E104,Q2-2024
Sovereign,Large Cap,CP_0185,176000,0.0751,0.32,non_performing,E104,Q2-2024
Sovereign,Large Cap,CP_0150,3555000,0.0862,0.28,performing,E57,Q2-2024
Sovereign,SME,CP_0130,1536000,0.0263,0.46,performing,E76,Q1-2024
Retail,Large Cap,CP_0190,1330000,0.1214,0.51,performing,E86,Q1-2024
Corporate,SME,CP_0058,3734000,0.0468,0.52,performing,E67,Q2-2024
Retail,Large Cap,CP_0121,316000,0.0955,0.43,performing,E121,Q1-2024
Sovereign,Large Cap,CP_0175,1939000,0.0455,0.22,watch,E36,Q1-2024
Retail,SME,CP_0146,4470000,0.148,0.26,watch,E47,Q1-2024
Retail,SME,CP_0162,4934000,0.0477,0.22,performing,E54,Q1-2024
Sovereign,Large Cap,CP_0126,3937000,0.1172,0.25,performing,E110,Q2-2024
Retail,SME,CP_0099,73000,0.0805,0.49,non_performing,E83,Q1-2024
Corporate,Micro,CP_0002,3152000,0.0381,0.48,performing,E34,Q1-2024
Retail,Micro,CP_0151,1565000,0.0107,0.22,non_performing,E117,Q2-2024
Retail,Micro,CP_0035,1747000,0.1353,0.34,performing,E104,Q1-2024
Corporate,Large Cap,CP_0187,4925000,0.0325,0.21,performing,E32,Q2-2024
Sovereign,Micro,CP_0010,1907000,0.0964,0.51,performing,E13,Q1-2024
Sovereign,Large Cap,CP_0013,3464000,0.0631,0.35,performing,E122,Q1-2024
Corporate,Micro,CP_0176,3170000,0.0459,0.46,performing,E70,Q1-2024
Retail,Large Cap,CP_0131,3608000,0.0185,0.25,performing,E51,Q1-2024
Retail,Micro,CP_0052,1822000,0.0621,0.26,performing,E54,Q2-2024
Retail,Large Cap,CP_0001,113000,0.0143,0.24,performing,E127,Q1-2024
Corporate,Micro,CP_0020,3632000,0.0161,0.3,performing,E76,Q2-2024
Retail,Large Cap,CP_0026,4075000,0.1312,0.54,performing,E81,Q2-2024
Sovereign,Large Cap,CP_0025,4264000,0.1337,0.2,performing,E44,Q2-2024
Retail,SME,CP_0160,1378000,0.1102,0.35,performing,E30,Q2-2024
Retail,SME,CP_0070,4187000,0.1038,0.39,performing,E43,Q1-2024
Corporate,Micro,CP_0186,340000,0.1414,0.26,performing,E124,Q2-2024
Corporate,Micro,CP_0098,3907000,0.0921,0.55,watch,E34,Q2-2024
Retail,Large Cap,CP_0106,2231000,0.0104,0.46,performing,E135,Q1-2024
Sovereign,SME,CP_0133,2639000,0.1054,0.24,performing,E64,Q2-2024
Retail,Micro,CP_0174,3225000,0.0231,0.53,watch,E14,Q1-2024
Sovereign,Large Cap,CP_0130,4252000,0.1279,0.55,performing,E126,Q2-2024
Corporate,SME,CP_0072,299000,0.0342,0.46,performing,E61,Q1-2024
Retail,SME,CP_0147,2268000,0.1286,0.38,performing,E128,Q1-2024
Corporate,SME,CP_0106,227000,0.0828,0.53,watch,E78,Q1-2024
Sovereign,Micro,CP_0117,4754000,0.0551,0.22,performing,E117,Q2-2024
Sovereign,Micro,CP_0154,2392000,0.0989,0.49,performing,E57,Q1-2024
Retail,SME,CP_0163,4824000,0.0445,0.41,performing,E12,Q1-2024
Retail,Large Cap,CP_0184,3725000,0.062,0.3,performing,E31,Q2-2024
Corporate,SME,CP_0049,3598000,0.0171,0.37,non_performing,E32,Q2-2024
Retail,Micro,CP_0151,4783000,0.0211,0.4,performing,E13,Q2-2024
Sovereign,SME,CP_0131,3916000,0.1366,0.48,performing,E33,Q1-2024
Retail,Micro,CP_0154,3050000,0.049,0.55,performing,E64,Q2-2024
Retail,SME,CP_0076,2292000,0.0209,0.37,performing,E132,Q2-2024
Sovereign,Micro,CP_0081,3574000,0.1404,0.45,performing,E75,Q2-2024
Sovereign,Large Cap,CP_0182,3268000,0.1438,0.4,performing,E83,Q1-2024
Retail,Micro,CP_0123,2935000,0.1415,0.48,performing,E137,Q2-2024
Retail,Large Cap,CP_0134,577000,0.0577,0.22,performing,E69,Q1-2024
Retail,Micro,CP_0065,775000,0.0102,0.51,performing,E139,Q1-2024
Retail,SME,CP_0027,3100000,0.1017,0.42,performing,E144,Q2-2024
Corporate,Micro,CP_0179,1474000,0.1,0.57,performing,E81,Q1-2024
Corporate,Micro,CP_0065,1055000,0.1305,0.54,performing,E58,Q2-2024
Sovereign,Micro,CP_0190,3037000,0.1166,0.59,performing,E46,Q1-2024
Corporate,Large Cap,CP_0189,2594000,0.0572,0.37,performing,E34,Q1-2024
Sovereign,SME,CP_0002,1686000,0.1067,0.26,performing,E83,Q1-2024
Sovereign,Micro,CP_0170,1541000,0.1187,0.42,performing,E82,Q1-2024
Corporate,Micro,CP_0018,3942000,0.0247,0.42,performing,E90,Q1-2024
Corporate,Micro,CP_0085,1689000,0.0447,0.58,performing,E122,Q1-2024
Corporate,Micro,CP_0089,2256000,0.1358,0.45,performing,E11,Q2-2024
Retail,Large Cap,CP_0099,1320000,0.1089,0.21,performing,E96,Q2-2024
Retail,Large Cap,CP_0076,4496000,0.0297,0.41,non_performing,E43,Q1-2024
Sovereign,Large Cap,CP_0054,3368000,0.1163,0.55,performing,E27,Q1-2024
Sovereign,Micro,CP_0190,3887000,0.0973,0.58,performing,E40,Q1-2024
Retail,Micro,CP_0085,238000,0.0119,0.27,performing,E19,Q1-2024
Retail,SME,CP_0100,2283000,0.0613,0.33,performing,E31,Q1-2024
Sovereign,Micro,CP_0159,363000,0.1121,0.22,watch,E92,Q1-2024
Retail,Micro,CP_0078,3053000,0.0429,0.57,performing,E8,Q2-2024
Corporate,Micro,CP_0057,725000,0.0593,0.52,performing,E37,Q2-2024
Sovereign,Micro,CP_0166,1897000,0.1425,0.42,performing,E32,Q1-2024
Corporate,Micro,CP_0153,2001000,0.0826,0.23,performing,E89,Q1-2024
Retail,Micro,CP_0132,755000,0.0284,0.45,performing,E30,Q1-2024
Sovereign,Micro,CP_0014,4264000,0.1399,0.6,performing,E141,Q1-2024
Retail,Micro,CP_0018,1291000,0.0304,0.43,non_performing,E92,Q1-2024
Sovereign,Micro,CP_0061,545000,0.0933,0.56,performing,E116,Q2-2024
Sovereign,Micro,CP_0079,3483000,0.0237,0.43,watch,E110,Q1-2024
Corporate,SME,CP_0064,3939000,0.1071,0.46,performing,E93,Q1-2024
Sovereign,Micro,CP_0085,4396000,0.07,0.34,performing,E142,Q1-2024
Corporate,Micro,CP_0156,456000,0.0428,0.53,watch,E51,Q2-2024
Sovereign,Micro,CP_0020,3651000,0.1339,0.54,performing,E149,Q2-2024
Sovereign,Large Cap,CP_0010,2780000,0.082,0.6,performing,E39,Q2-2024
Retail,Large Cap,CP_0198,2969000,0.1287,0.25,performing,E24,Q2-2024
Retail,Micro,CP_0003,3330000,0.1273,0.52,performing,E43,Q1-2024
Retail,Large Cap,CP_0046,2853000,0.0853,0.55,performing,E124,Q2-2024
Corporate,Large Cap,CP_0195,2464000,0.0104,0.35,performing,E53,Q2-2024
Retail,SME,CP_0117,4414000,0.0069,0.46,performing,E134,Q2-2024
Sovereign,SME,CP_0149,2745000,0.0269,0.46,performing,E20,Q2-2024
Retail,Large Cap,CP_0133,2059000,0.1228,0.34,watch,E2,Q1-2024
Retail,Large Cap,CP_0059,432000,0.0969,0.28,performing,E93,Q1-2024
Sovereign,Large Cap,CP_0107,4065000,0.1083,0.39,performing,E54,Q1-2024
